country_region_code,country_region,sub_region_1,sub_region_2,date,retail_and_recreation_percent_change_from_baseline,grocery_and_pharmacy_percent_change_from_baseline,parks_percent_change_from_baseline,transit_stations_percent_change_from_baseline,workplaces_percent_change_from_baseline,residential_percent_change_from_baseline
PL,Poland,Greater Poland Voivodeship,,2020-02-15,20,-1,37,11,1,0
PL,Poland,Greater Poland Voivodeship,,2020-02-16,10,-16,1,4,-4,1
PL,Poland,Greater Poland Voivodeship,,2020-02-17,6,4,11,15,25,-2
PL,Poland,Greater Poland Voivodeship,,2020-02-18,3,-2,4,0,2,1
PL,Poland,Greater Poland Voivodeship,,2020-02-19,5,1,4,-1,2,0
PL,Poland,Greater Poland Voivodeship,,2020-02-20,9,2,28,3,3,0
PL,Poland,Greater Poland Voivodeship,,2020-02-21,3,-1,1,-1,3,0
PL,Poland,Greater Poland Voivodeship,,2020-02-22,13,-1,25,6,3,0
PL,Poland,Greater Poland Voivodeship,,2020-02-23,-4,-27,-35,2,-5,1
PL,Poland,Greater Poland Voivodeship,,2020-02-24,3,5,2,14,25,-2
PL,Poland,Greater Poland Voivodeship,,2020-02-25,3,0,6,3,3,1
PL,Poland,Greater Poland Voivodeship,,2020-02-26,-1,-1,7,2,2,1
PL,Poland,Greater Poland Voivodeship,,2020-02-27,5,3,11,3,2,1
PL,Poland,Greater Poland Voivodeship,,2020-02-28,4,4,5,2,4,0
PL,Poland,Greater Poland Voivodeship,,2020-02-29,11,2,12,2,3,1
PL,Poland,Greater Poland Voivodeship,,2020-03-01,8,-4,38,11,-1,0
PL,Poland,Greater Poland Voivodeship,,2020-03-02,5,7,2,14,26,-2
PL,Poland,Greater Poland Voivodeship,,2020-03-03,2,-1,-4,-2,3,1
PL,Poland,Greater Poland Voivodeship,,2020-03-04,8,9,22,3,2,0
PL,Poland,Greater Poland Voivodeship,,2020-03-05,7,6,30,2,3,0
PL,Poland,Greater Poland Voivodeship,,2020-03-06,5,4,5,3,3,1
PL,Poland,Greater Poland Voivodeship,,2020-03-07,16,7,7,5,2,1
PL,Poland,Greater Poland Voivodeship,,2020-03-08,38,18,88,25,4,-2
PL,Poland,Greater Poland Voivodeship,,2020-03-09,5,7,10,13,25,-2
PL,Poland,Greater Poland Voivodeship,,2020-03-10,6,16,12,-1,2,1
PL,Poland,Greater Poland Voivodeship,,2020-03-11,4,30,22,-12,-5,2
PL,Poland,Greater Poland Voivodeship,,2020-03-12,-15,22,-10,-29,-17,7
PL,Poland,Greater Poland Voivodeship,,2020-03-13,-29,8,-28,-41,-20,12
PL,Poland,Greater Poland Voivodeship,,2020-03-14,-48,-16,-2,-39,-13,10
PL,Poland,Greater Poland Voivodeship,,2020-03-15,-69,-42,-4,-52,-27,10
PL,Poland,Greater Poland Voivodeship,,2020-03-16,-47,-19,1,-47,-20,13
PL,Poland,Greater Poland Voivodeship,,2020-03-17,-51,-27,24,-54,-38,17
PL,Poland,Greater Poland Voivodeship,,2020-03-18,-48,-21,38,-53,-40,17
PL,Poland,Greater Poland Voivodeship,,2020-03-19,-51,-22,3,-57,-40,18
PL,Poland,Greater Poland Voivodeship,,2020-03-20,-53,-21,-20,-59,-39,20
PL,Poland,Greater Poland Voivodeship,,2020-03-21,-60,-29,-16,-57,-26,14
PL,Poland,Greater Poland Voivodeship,,2020-03-22,-72,-50,-28,-63,-32,11
PL,Poland,Greater Poland Voivodeship,,2020-03-23,-49,-22,-21,-54,-27,16
PL,Poland,Greater Poland Voivodeship,,2020-03-24,-48,-19,-12,-59,-42,19
PL,Poland,Greater Poland Voivodeship,,2020-03-25,-55,-26,-27,-62,-44,20
PL,Poland,Greater Poland Voivodeship,,2020-03-26,-56,-29,-22,-62,-44,21
PL,Poland,Greater Poland Voivodeship,,2020-03-27,-56,-26,-18,-62,-42,22
PL,Poland,Greater Poland Voivodeship,,2020-03-28,-60,-32,26,-55,-28,13
PL,Poland,Greater Poland Voivodeship,,2020-03-29,-80,-61,-62,-73,-37,13
PL,Poland,Greater Poland Voivodeship,,2020-03-30,-52,-27,-29,-59,-31,17
PL,Poland,Greater Poland Voivodeship,,2020-03-31,-51,-23,-34,-63,-44,20
PL,Poland,Greater Poland Voivodeship,,2020-04-01,-55,-34,-33,-63,-45,21
PL,Poland,Greater Poland Voivodeship,,2020-04-02,-56,-33,-39,-65,-46,21
PL,Poland,Greater Poland Voivodeship,,2020-04-03,-56,-32,-43,-66,-44,23
PL,Poland,Greater Poland Voivodeship,,2020-04-04,-69,-42,-39,-63,-32,16
PL,Poland,Greater Poland Voivodeship,,2020-04-05,-70,43,-47,-68,-27,12
PL,Poland,Greater Poland Voivodeship,,2020-04-06,-51,-34,-28,-58,-33,17
PL,Poland,Greater Poland Voivodeship,,2020-04-07,-51,-28,-21,-61,-45,20
PL,Poland,Greater Poland Voivodeship,,2020-04-08,-47,-21,-17,-59,-46,18
PL,Poland,Greater Poland Voivodeship,,2020-04-09,-44,-17,-23,-60,-48,19
PL,Poland,Greater Poland Voivodeship,,2020-04-10,-46,-15,-33,-62,-54,24
PL,Poland,Greater Poland Voivodeship,,2020-04-11,-73,-57,-42,-64,-50,18
PL,Poland,Kuyavian-Pomeranian Voivodeship,,2020-02-15,13,-1,33,5,2,0
PL,Poland,Kuyavian-Pomeranian Voivodeship,,2020-02-16,6,-20,-10,10,-1,1
PL,Poland,Kuyavian-Pomeranian Voivodeship,,2020-02-17,5,3,11,12,27,-2
PL,Poland,Kuyavian-Pomeranian Voivodeship,,2020-02-18,3,-3,2,5,2,1
PL,Poland,Kuyavian-Pomeranian Voivodeship,,2020-02-19,4,0,-2,9,2,1
PL,Poland,Kuyavian-Pomeranian Voivodeship,,2020-02-20,8,1,17,9,3,-1
PL,Poland,Kuyavian-Pomeranian Voivodeship,,2020-02-21,2,-1,9,9,4,0
PL,Poland,Kuyavian-Pomeranian Voivodeship,,2020-02-22,6,-2,16,1,3,0
PL,Poland,Kuyavian-Pomeranian Voivodeship,,2020-02-23,-7,-23,-36,5,-2,1
PL,Poland,Kuyavian-Pomeranian Voivodeship,,2020-02-24,2,3,-2,8,27,-2
PL,Poland,Kuyavian-Pomeranian Voivodeship,,2020-02-25,2,0,9,1,2,1
PL,Poland,Kuyavian-Pomeranian Voivodeship,,2020-02-26,1,-2,1,6,2,1
PL,Poland,Kuyavian-Pomeranian Voivodeship,,2020-02-27,6,4,7,5,3,0
PL,Poland,Kuyavian-Pomeranian Voivodeship,,2020-02-28,4,4,10,8,4,0
PL,Poland,Kuyavian-Pomeranian Voivodeship,,2020-02-29,8,2,7,-2,4,1
PL,Poland,Kuyavian-Pomeranian Voivodeship,,2020-03-01,5,-7,12,14,2,0
PL,Poland,Kuyavian-Pomeranian Voivodeship,,2020-03-02,2,5,-8,9,28,-2
PL,Poland,Kuyavian-Pomeranian Voivodeship,,2020-03-03,3,-1,-5,0,2,1
PL,Poland,Kuyavian-Pomeranian Voivodeship,,2020-03-04,8,6,14,7,3,0
PL,Poland,Kuyavian-Pomeranian Voivodeship,,2020-03-05,7,6,24,9,3,0
PL,Poland,Kuyavian-Pomeranian Voivodeship,,2020-03-06,3,2,1,6,3,1
PL,Poland,Kuyavian-Pomeranian Voivodeship,,2020-03-07,11,7,10,-6,2,1
PL,Poland,Kuyavian-Pomeranian Voivodeship,,2020-03-08,27,9,35,13,7,-1
PL,Poland,Kuyavian-Pomeranian Voivodeship,,2020-03-09,4,4,5,4,28,-2
PL,Poland,Kuyavian-Pomeranian Voivodeship,,2020-03-10,8,7,16,1,2,1
PL,Poland,Kuyavian-Pomeranian Voivodeship,,2020-03-11,8,30,9,5,1,0
PL,Poland,Kuyavian-Pomeranian Voivodeship,,2020-03-12,-9,23,-14,-16,-15,6
PL,Poland,Kuyavian-Pomeranian Voivodeship,,2020-03-13,-24,7,-20,-32,-18,9
PL,Poland,Kuyavian-Pomeranian Voivodeship,,2020-03-14,-44,-13,-11,-40,-11,8
PL,Poland,Kuyavian-Pomeranian Voivodeship,,2020-03-15,-68,-42,-26,-56,-22,8
PL,Poland,Kuyavian-Pomeranian Voivodeship,,2020-03-16,-43,-17,-11,-43,-14,11
PL,Poland,Kuyavian-Pomeranian Voivodeship,,2020-03-17,-48,-25,7,-48,-34,14
PL,Poland,Kuyavian-Pomeranian Voivodeship,,2020-03-18,-46,-22,13,-47,-36,15
PL,Poland,Kuyavian-Pomeranian Voivodeship,,2020-03-19,-49,-22,-13,-52,-36,16
PL,Poland,Kuyavian-Pomeranian Voivodeship,,2020-03-20,-51,-22,-9,-58,-36,17
PL,Poland,Kuyavian-Pomeranian Voivodeship,,2020-03-21,-59,-29,-20,-61,-23,12
PL,Poland,Kuyavian-Pomeranian Voivodeship,,2020-03-22,-72,-53,-45,-70,-27,10
PL,Poland,Kuyavian-Pomeranian Voivodeship,,2020-03-23,-48,-22,-24,-56,-22,13
PL,Poland,Kuyavian-Pomeranian Voivodeship,,2020-03-24,-46,-21,-19,-57,-38,17
PL,Poland,Kuyavian-Pomeranian Voivodeship,,2020-03-25,-53,-28,-32,-57,-40,18
PL,Poland,Kuyavian-Pomeranian Voivodeship,,2020-03-26,-53,-29,-28,-60,-40,18
PL,Poland,Kuyavian-Pomeranian Voivodeship,,2020-03-27,-53,-27,-19,-64,-39,19
PL,Poland,Kuyavian-Pomeranian Voivodeship,,2020-03-28,-58,-31,27,-63,-24,11
PL,Poland,Kuyavian-Pomeranian Voivodeship,,2020-03-29,-79,-63,-73,-78,-33,12
PL,Poland,Kuyavian-Pomeranian Voivodeship,,2020-03-30,-51,-28,-31,-59,-26,15
PL,Poland,Kuyavian-Pomeranian Voivodeship,,2020-03-31,-48,-23,-36,-59,-41,18
PL,Poland,Kuyavian-Pomeranian Voivodeship,,2020-04-01,-54,-35,-45,-61,-42,19
PL,Poland,Kuyavian-Pomeranian Voivodeship,,2020-04-02,-55,-34,-41,-62,-42,19
PL,Poland,Kuyavian-Pomeranian Voivodeship,,2020-04-03,-55,-32,-40,-66,-41,20
PL,Poland,Kuyavian-Pomeranian Voivodeship,,2020-04-04,-68,-43,-38,-69,-29,14
PL,Poland,Kuyavian-Pomeranian Voivodeship,,2020-04-05,-67,46,-55,-76,-22,10
PL,Poland,Kuyavian-Pomeranian Voivodeship,,2020-04-06,-50,-35,-29,-59,-28,14
PL,Poland,Kuyavian-Pomeranian Voivodeship,,2020-04-07,-49,-29,-21,-59,-43,17
PL,Poland,Kuyavian-Pomeranian Voivodeship,,2020-04-08,-46,-24,-24,-57,-42,16
PL,Poland,Kuyavian-Pomeranian Voivodeship,,2020-04-09,-43,-17,-22,-58,-43,16
PL,Poland,Kuyavian-Pomeranian Voivodeship,,2020-04-10,-44,-13,-26,-63,-49,20
PL,Poland,Kuyavian-Pomeranian Voivodeship,,2020-04-11,-71,-54,-35,-70,-44,16
PL,Poland,Lesser Poland Voivodeship,,2020-02-15,16,3,32,14,1,-1
PL,Poland,Lesser Poland Voivodeship,,2020-02-16,22,-1,46,17,1,-1
PL,Poland,Lesser Poland Voivodeship,,2020-02-17,10,6,27,17,25,-3
PL,Poland,Lesser Poland Voivodeship,,2020-02-18,7,-1,21,8,2,0
PL,Poland,Lesser Poland Voivodeship,,2020-02-19,8,2,20,6,2,-1
PL,Poland,Lesser Poland Voivodeship,,2020-02-20,11,0,19,9,3,-1
PL,Poland,Lesser Poland Voivodeship,,2020-02-21,3,-5,-6,6,4,0
PL,Poland,Lesser Poland Voivodeship,,2020-02-22,7,-1,13,8,2,-1
PL,Poland,Lesser Poland Voivodeship,,2020-02-23,-6,-25,-30,2,-2,1
PL,Poland,Lesser Poland Voivodeship,,2020-02-24,0,1,-16,9,26,-3
PL,Poland,Lesser Poland Voivodeship,,2020-02-25,1,-2,-7,7,3,0
PL,Poland,Lesser Poland Voivodeship,,2020-02-26,-6,-5,-9,4,3,0
PL,Poland,Lesser Poland Voivodeship,,2020-02-27,3,-1,-11,8,4,0
PL,Poland,Lesser Poland Voivodeship,,2020-02-28,2,0,-14,8,5,0
PL,Poland,Lesser Poland Voivodeship,,2020-02-29,4,1,-2,2,3,0
PL,Poland,Lesser Poland Voivodeship,,2020-03-01,-3,-15,-2,7,1,1
PL,Poland,Lesser Poland Voivodeship,,2020-03-02,0,4,-20,9,27,-3
PL,Poland,Lesser Poland Voivodeship,,2020-03-03,-1,-3,-16,4,3,0
PL,Poland,Lesser Poland Voivodeship,,2020-03-04,-3,0,-25,1,3,0
PL,Poland,Lesser Poland Voivodeship,,2020-03-05,3,0,-2,6,4,0
PL,Poland,Lesser Poland Voivodeship,,2020-03-06,-1,-1,-15,3,5,0
PL,Poland,Lesser Poland Voivodeship,,2020-03-07,3,5,-14,-4,2,0
PL,Poland,Lesser Poland Voivodeship,,2020-03-08,10,-8,-3,7,2,0
PL,Poland,Lesser Poland Voivodeship,,2020-03-09,0,5,-10,9,26,-3
PL,Poland,Lesser Poland Voivodeship,,2020-03-10,-2,5,-10,0,2,1
PL,Poland,Lesser Poland Voivodeship,,2020-03-11,-4,26,-23,-4,-1,1
PL,Poland,Lesser Poland Voivodeship,,2020-03-12,-18,13,-27,-23,-18,7
PL,Poland,Lesser Poland Voivodeship,,2020-03-13,-34,-2,-49,-38,-23,12
PL,Poland,Lesser Poland Voivodeship,,2020-03-14,-58,-20,-60,-45,-17,11
PL,Poland,Lesser Poland Voivodeship,,2020-03-15,-78,-54,-42,-62,-32,11
PL,Poland,Lesser Poland Voivodeship,,2020-03-16,-55,-24,-54,-56,-27,15
PL,Poland,Lesser Poland Voivodeship,,2020-03-17,-59,-31,-43,-60,-45,20
PL,Poland,Lesser Poland Voivodeship,,2020-03-18,-58,-28,-36,-59,-47,19
PL,Poland,Lesser Poland Voivodeship,,2020-03-19,-57,-28,-34,-61,-47,20
PL,Poland,Lesser Poland Voivodeship,,2020-03-20,-61,-29,-61,-65,-46,22
PL,Poland,Lesser Poland Voivodeship,,2020-03-21,-70,-36,-79,-71,-33,16
PL,Poland,Lesser Poland Voivodeship,,2020-03-22,-84,-66,-73,-77,-40,14
PL,Poland,Lesser Poland Voivodeship,,2020-03-23,-61,-30,-72,-67,-37,19
PL,Poland,Lesser Poland Voivodeship,,2020-03-24,-59,-28,-67,-66,-50,23
PL,Poland,Lesser Poland Voivodeship,,2020-03-25,-66,-36,-72,-70,-52,24
PL,Poland,Lesser Poland Voivodeship,,2020-03-26,-65,-38,-67,-70,-52,24
PL,Poland,Lesser Poland Voivodeship,,2020-03-27,-65,-35,-63,-70,-50,24
PL,Poland,Lesser Poland Voivodeship,,2020-03-28,-69,-39,-59,-69,-34,15
PL,Poland,Lesser Poland Voivodeship,,2020-03-29,-84,-65,-69,-78,-41,14
PL,Poland,Lesser Poland Voivodeship,,2020-03-30,-63,-37,-75,-70,-42,21
PL,Poland,Lesser Poland Voivodeship,,2020-03-31,-61,-33,-71,-69,-53,24
PL,Poland,Lesser Poland Voivodeship,,2020-04-01,-65,-42,-73,-69,-53,24
PL,Poland,Lesser Poland Voivodeship,,2020-04-02,-64,-41,-71,-70,-54,24
PL,Poland,Lesser Poland Voivodeship,,2020-04-03,-66,-40,-76,-72,-52,25
PL,Poland,Lesser Poland Voivodeship,,2020-04-04,-75,-46,-78,-72,-37,16
PL,Poland,Lesser Poland Voivodeship,,2020-04-05,-80,1,-76,-78,-34,14
PL,Poland,Lesser Poland Voivodeship,,2020-04-06,-61,-40,-71,-68,-43,20
PL,Poland,Lesser Poland Voivodeship,,2020-04-07,-60,-35,-68,-67,-54,23
PL,Poland,Lesser Poland Voivodeship,,2020-04-08,-59,-30,-67,-66,-54,21
PL,Poland,Lesser Poland Voivodeship,,2020-04-09,-55,-24,-68,-66,-56,22
PL,Poland,Lesser Poland Voivodeship,,2020-04-10,-62,-26,-74,-71,-65,28
PL,Poland,Lesser Poland Voivodeship,,2020-04-11,-83,-62,-80,-75,-54,19
PL,Poland,Łódź Voivodeship,,2020-02-15,15,-1,30,6,2,0
PL,Poland,Łódź Voivodeship,,2020-02-16,12,-11,18,7,-2,2
PL,Poland,Łódź Voivodeship,,2020-02-17,7,3,17,7,20,-1
PL,Poland,Łódź Voivodeship,,2020-02-18,6,-1,7,2,2,0
PL,Poland,Łódź Voivodeship,,2020-02-19,5,3,10,-1,1,0
PL,Poland,Łódź Voivodeship,,2020-02-20,4,1,10,2,2,0
PL,Poland,Łódź Voivodeship,,2020-02-21,6,-1,-1,6,20,0
PL,Poland,Łódź Voivodeship,,2020-02-22,9,0,30,3,4,1
PL,Poland,Łódź Voivodeship,,2020-02-23,-7,-24,-26,-1,-3,3
PL,Poland,Łódź Voivodeship,,2020-02-24,2,3,-1,6,22,-1
PL,Poland,Łódź Voivodeship,,2020-02-25,2,2,9,4,3,0
PL,Poland,Łódź Voivodeship,,2020-02-26,0,0,5,1,2,0
PL,Poland,Łódź Voivodeship,,2020-02-27,6,5,8,4,1,0
PL,Poland,Łódź Voivodeship,,2020-02-28,7,6,4,8,20,-1
PL,Poland,Łódź Voivodeship,,2020-02-29,9,2,15,1,5,1
PL,Poland,Łódź Voivodeship,,2020-03-01,16,0,46,15,1,1
PL,Poland,Łódź Voivodeship,,2020-03-02,4,5,-1,6,24,-1
PL,Poland,Łódź Voivodeship,,2020-03-03,2,1,4,1,5,0
PL,Poland,Łódź Voivodeship,,2020-03-04,7,7,16,3,4,-1
PL,Poland,Łódź Voivodeship,,2020-03-05,6,6,28,9,5,-1
PL,Poland,Łódź Voivodeship,,2020-03-06,7,5,4,11,24,-1
PL,Poland,Łódź Voivodeship,,2020-03-07,13,8,16,2,6,0
PL,Poland,Łódź Voivodeship,,2020-03-08,30,5,19,13,5,1
PL,Poland,Łódź Voivodeship,,2020-03-09,10,6,30,9,24,-1
PL,Poland,Łódź Voivodeship,,2020-03-10,10,11,30,4,4,-1
PL,Poland,Łódź Voivodeship,,2020-03-11,9,36,13,-1,1,-1
PL,Poland,Łódź Voivodeship,,2020-03-12,-9,26,-14,-18,-15,5
PL,Poland,Łódź Voivodeship,,2020-03-13,-23,9,-20,-24,-4,9
PL,Poland,Łódź Voivodeship,,2020-03-14,-48,-18,-24,-36,-11,10
PL,Poland,Łódź Voivodeship,,2020-03-15,-67,-41,-15,-49,-24,11
PL,Poland,Łódź Voivodeship,,2020-03-16,-47,-21,-13,-45,-23,14
PL,Poland,Łódź Voivodeship,,2020-03-17,-50,-27,11,-48,-39,16
PL,Poland,Łódź Voivodeship,,2020-03-18,-48,-24,22,-48,-41,16
PL,Poland,Łódź Voivodeship,,2020-03-19,-50,-24,4,-49,-41,17
PL,Poland,Łódź Voivodeship,,2020-03-20,-52,-23,-30,-51,-30,19
PL,Poland,Łódź Voivodeship,,2020-03-21,-60,-34,-25,-54,-26,14
PL,Poland,Łódź Voivodeship,,2020-03-22,-73,-53,-43,-63,-29,13
PL,Poland,Łódź Voivodeship,,2020-03-23,-49,-26,-31,-52,-31,18
PL,Poland,Łódź Voivodeship,,2020-03-24,-49,-22,-27,-53,-43,19
PL,Poland,Łódź Voivodeship,,2020-03-25,-55,-29,-36,-57,-45,20
PL,Poland,Łódź Voivodeship,,2020-03-26,-55,-30,-29,-56,-44,20
PL,Poland,Łódź Voivodeship,,2020-03-27,-53,-26,-20,-53,-32,20
PL,Poland,Łódź Voivodeship,,2020-03-28,-58,-34,15,-50,-25,12
PL,Poland,Łódź Voivodeship,,2020-03-29,-74,-55,-49,-66,-29,13
PL,Poland,Łódź Voivodeship,,2020-03-30,-51,-31,-41,-56,-33,18
PL,Poland,Łódź Voivodeship,,2020-03-31,-50,-25,-41,-56,-44,20
PL,Poland,Łódź Voivodeship,,2020-04-01,-54,-34,-42,-58,-45,19
PL,Poland,Łódź Voivodeship,,2020-04-02,-54,-32,-46,-58,-45,20
PL,Poland,Łódź Voivodeship,,2020-04-03,-54,-30,-49,-55,-34,21
PL,Poland,Łódź Voivodeship,,2020-04-04,-66,-41,-47,-56,-27,15
PL,Poland,Łódź Voivodeship,,2020-04-05,-65,59,-55,-62,-20,12
PL,Poland,Łódź Voivodeship,,2020-04-06,-49,-34,-39,-55,-34,17
PL,Poland,Łódź Voivodeship,,2020-04-07,-47,-26,-37,-54,-45,18
PL,Poland,Łódź Voivodeship,,2020-04-08,-45,-20,-33,-54,-45,16
PL,Poland,Łódź Voivodeship,,2020-04-09,-42,-14,-34,-52,-46,17
PL,Poland,Łódź Voivodeship,,2020-04-10,-44,-11,-40,-51,-44,21
PL,Poland,Łódź Voivodeship,,2020-04-11,-73,-56,-48,-59,-47,17
PL,Poland,Lower Silesian Voivodeship,,2020-02-15,4,-3,35,7,-2,-3
PL,Poland,Lower Silesian Voivodeship,,2020-02-16,14,-23,20,8,-1,-2
PL,Poland,Lower Silesian Voivodeship,,2020-02-17,6,-2,14,-9,-15,1
PL,Poland,Lower Silesian Voivodeship,,2020-02-18,5,-4,21,-10,-15,2
PL,Poland,Lower Silesian Voivodeship,,2020-02-19,6,-4,4,-10,-15,2
PL,Poland,Lower Silesian Voivodeship,,2020-02-20,9,-2,31,-7,-15,1
PL,Poland,Lower Silesian Voivodeship,,2020-02-21,-1,-6,-1,-12,-16,2
PL,Poland,Lower Silesian Voivodeship,,2020-02-22,-2,-3,15,3,0,-2
PL,Poland,Lower Silesian Voivodeship,,2020-02-23,-13,-41,-46,-5,-4,1
PL,Poland,Lower Silesian Voivodeship,,2020-02-24,1,-1,-9,0,2,-1
PL,Poland,Lower Silesian Voivodeship,,2020-02-25,1,-1,-1,2,3,0
PL,Poland,Lower Silesian Voivodeship,,2020-02-26,1,-4,-6,-1,3,0
PL,Poland,Lower Silesian Voivodeship,,2020-02-27,5,1,0,1,2,0
PL,Poland,Lower Silesian Voivodeship,,2020-02-28,2,2,-5,1,2,0
PL,Poland,Lower Silesian Voivodeship,,2020-02-29,1,0,1,0,3,0
PL,Poland,Lower Silesian Voivodeship,,2020-03-01,11,-14,33,12,2,-1
PL,Poland,Lower Silesian Voivodeship,,2020-03-02,3,1,-5,0,4,-1
PL,Poland,Lower Silesian Voivodeship,,2020-03-03,-2,-4,-18,-4,3,1
PL,Poland,Lower Silesian Voivodeship,,2020-03-04,7,3,4,0,3,-1
PL,Poland,Lower Silesian Voivodeship,,2020-03-05,6,3,13,0,3,-1
PL,Poland,Lower Silesian Voivodeship,,2020-03-06,3,2,2,-1,3,0
PL,Poland,Lower Silesian Voivodeship,,2020-03-07,0,2,-12,-6,2,1
PL,Poland,Lower Silesian Voivodeship,,2020-03-08,26,-3,64,13,6,-2
PL,Poland,Lower Silesian Voivodeship,,2020-03-09,2,0,-6,-3,3,0
PL,Poland,Lower Silesian Voivodeship,,2020-03-10,3,7,4,-3,3,1
PL,Poland,Lower Silesian Voivodeship,,2020-03-11,4,25,0,-9,0,0
PL,Poland,Lower Silesian Voivodeship,,2020-03-12,-13,18,-19,-28,-15,6
PL,Poland,Lower Silesian Voivodeship,,2020-03-13,-28,1,-29,-40,-20,10
PL,Poland,Lower Silesian Voivodeship,,2020-03-14,-51,-19,-17,-41,-13,9
PL,Poland,Lower Silesian Voivodeship,,2020-03-15,-69,-44,-15,-55,-22,9
PL,Poland,Lower Silesian Voivodeship,,2020-03-16,-49,-24,-20,-56,-35,15
PL,Poland,Lower Silesian Voivodeship,,2020-03-17,-52,-28,7,-55,-39,17
PL,Poland,Lower Silesian Voivodeship,,2020-03-18,-49,-25,14,-54,-41,16
PL,Poland,Lower Silesian Voivodeship,,2020-03-19,-52,-26,-3,-58,-42,18
PL,Poland,Lower Silesian Voivodeship,,2020-03-20,-58,-27,-44,-64,-42,21
PL,Poland,Lower Silesian Voivodeship,,2020-03-21,-66,-35,-52,-64,-29,14
PL,Poland,Lower Silesian Voivodeship,,2020-03-22,-78,-58,-52,-71,-33,12
PL,Poland,Lower Silesian Voivodeship,,2020-03-23,-54,-29,-41,-63,-44,19
PL,Poland,Lower Silesian Voivodeship,,2020-03-24,-53,-25,-33,-63,-45,21
PL,Poland,Lower Silesian Voivodeship,,2020-03-25,-59,-32,-46,-66,-47,21
PL,Poland,Lower Silesian Voivodeship,,2020-03-26,-60,-33,-40,-67,-48,22
PL,Poland,Lower Silesian Voivodeship,,2020-03-27,-59,-31,-30,-66,-47,22
PL,Poland,Lower Silesian Voivodeship,,2020-03-28,-65,-36,-11,-60,-30,12
PL,Poland,Lower Silesian Voivodeship,,2020-03-29,-82,-65,-71,-77,-38,13
PL,Poland,Lower Silesian Voivodeship,,2020-03-30,-58,-34,-47,-67,-47,20
PL,Poland,Lower Silesian Voivodeship,,2020-03-31,-58,-29,-52,-67,-48,23
PL,Poland,Lower Silesian Voivodeship,,2020-04-01,-59,-40,-48,-67,-49,22
PL,Poland,Lower Silesian Voivodeship,,2020-04-02,-59,-37,-47,-68,-50,22
PL,Poland,Lower Silesian Voivodeship,,2020-04-03,-61,-37,-56,-70,-49,24
PL,Poland,Lower Silesian Voivodeship,,2020-04-04,-73,-47,-57,-67,-34,15
PL,Poland,Lower Silesian Voivodeship,,2020-04-05,-73,40,-59,-72,-27,12
PL,Poland,Lower Silesian Voivodeship,,2020-04-06,-56,-40,-44,-67,-49,20
PL,Poland,Lower Silesian Voivodeship,,2020-04-07,-54,-31,-33,-65,-49,21
PL,Poland,Lower Silesian Voivodeship,,2020-04-08,-51,-28,-36,-64,-49,19
PL,Poland,Lower Silesian Voivodeship,,2020-04-09,-50,-23,-37,-64,-51,20
PL,Poland,Lower Silesian Voivodeship,,2020-04-10,-51,-20,-44,-66,-56,24
PL,Poland,Lower Silesian Voivodeship,,2020-04-11,-76,-60,-56,-68,-48,17
PL,Poland,Lublin Voivodeship,,2020-02-15,7,0,16,6,3,1
PL,Poland,Lublin Voivodeship,,2020-02-16,14,1,19,5,-2,1
PL,Poland,Lublin Voivodeship,,2020-02-17,3,7,11,14,26,-2
PL,Poland,Lublin Voivodeship,,2020-02-18,0,3,3,7,0,0
PL,Poland,Lublin Voivodeship,,2020-02-19,2,7,10,6,-1,0
PL,Poland,Lublin Voivodeship,,2020-02-20,2,5,9,5,0,0
PL,Poland,Lublin Voivodeship,,2020-02-21,-1,1,-1,10,28,0
PL,Poland,Lublin Voivodeship,,2020-02-22,5,1,25,10,4,0
PL,Poland,Lublin Voivodeship,,2020-02-23,-4,-11,-19,2,-4,2
PL,Poland,Lublin Voivodeship,,2020-02-24,-3,6,-7,5,28,-1
PL,Poland,Lublin Voivodeship,,2020-02-25,-2,6,1,5,2,0
PL,Poland,Lublin Voivodeship,,2020-02-26,-5,2,8,3,2,0
PL,Poland,Lublin Voivodeship,,2020-02-27,1,7,8,9,3,0
PL,Poland,Lublin Voivodeship,,2020-02-28,0,6,11,17,32,-1
PL,Poland,Lublin Voivodeship,,2020-02-29,4,4,14,8,5,1
PL,Poland,Lublin Voivodeship,,2020-03-01,1,-4,-3,5,1,2
PL,Poland,Lublin Voivodeship,,2020-03-02,-2,8,-8,6,31,-1
PL,Poland,Lublin Voivodeship,,2020-03-03,3,6,21,9,5,-1
PL,Poland,Lublin Voivodeship,,2020-03-04,0,7,-2,5,3,0
PL,Poland,Lublin Voivodeship,,2020-03-05,4,8,20,8,5,-1
PL,Poland,Lublin Voivodeship,,2020-03-06,3,6,11,17,34,-1
PL,Poland,Lublin Voivodeship,,2020-03-07,13,11,38,12,8,0
PL,Poland,Lublin Voivodeship,,2020-03-08,26,7,8,15,4,1
PL,Poland,Lublin Voivodeship,,2020-03-09,3,9,9,11,32,-3
PL,Poland,Lublin Voivodeship,,2020-03-10,4,12,15,11,5,-2
PL,Poland,Lublin Voivodeship,,2020-03-11,-2,41,0,9,-3,0
PL,Poland,Lublin Voivodeship,,2020-03-12,-23,9,-17,-16,-25,7
PL,Poland,Lublin Voivodeship,,2020-03-13,-38,-7,-28,-30,-9,11
PL,Poland,Lublin Voivodeship,,2020-03-14,-60,-26,-42,-34,-17,12
PL,Poland,Lublin Voivodeship,,2020-03-15,-72,-44,-32,-56,-31,12
PL,Poland,Lublin Voivodeship,,2020-03-16,-57,-26,-36,-53,-26,14
PL,Poland,Lublin Voivodeship,,2020-03-17,-60,-32,-29,-58,-45,16
PL,Poland,Lublin Voivodeship,,2020-03-18,-58,-28,-15,-58,-46,16
PL,Poland,Lublin Voivodeship,,2020-03-19,-57,-28,-18,-58,-46,16
PL,Poland,Lublin Voivodeship,,2020-03-20,-60,-29,-40,-59,-30,18
PL,Poland,Lublin Voivodeship,,2020-03-21,-66,-34,-42,-60,-27,13
PL,Poland,Lublin Voivodeship,,2020-03-22,-77,-58,-61,-73,-35,14
PL,Poland,Lublin Voivodeship,,2020-03-23,-56,-28,-50,-60,-32,16
PL,Poland,Lublin Voivodeship,,2020-03-24,-56,-26,-46,-59,-46,18
PL,Poland,Lublin Voivodeship,,2020-03-25,-62,-33,-50,-64,-49,20
PL,Poland,Lublin Voivodeship,,2020-03-26,-62,-35,-44,-61,-48,19
PL,Poland,Lublin Voivodeship,,2020-03-27,-61,-32,-40,-60,-32,20
PL,Poland,Lublin Voivodeship,,2020-03-28,-65,-36,-19,-60,-27,12
PL,Poland,Lublin Voivodeship,,2020-03-29,-71,-44,-25,-71,-32,12
PL,Poland,Lublin Voivodeship,,2020-03-30,-59,-33,-54,-65,-35,17
PL,Poland,Lublin Voivodeship,,2020-03-31,-58,-29,-52,-62,-48,18
PL,Poland,Lublin Voivodeship,,2020-04-01,-61,-40,-51,-65,-49,20
PL,Poland,Lublin Voivodeship,,2020-04-02,-62,-38,-48,-63,-49,19
PL,Poland,Lublin Voivodeship,,2020-04-03,-62,-37,-52,-63,-34,21
PL,Poland,Lublin Voivodeship,,2020-04-04,-72,-45,-46,-63,-28,14
PL,Poland,Lublin Voivodeship,,2020-04-05,-70,34,-52,-75,-27,13
PL,Poland,Lublin Voivodeship,,2020-04-06,-56,-36,-45,-61,-35,16
PL,Poland,Lublin Voivodeship,,2020-04-07,-56,-31,-45,-60,-49,17
PL,Poland,Lublin Voivodeship,,2020-04-08,-54,-27,-38,-62,-50,17
PL,Poland,Lublin Voivodeship,,2020-04-09,-51,-21,-38,-58,-51,17
PL,Poland,Lublin Voivodeship,,2020-04-10,-55,-20,-46,-60,-46,22
PL,Poland,Lublin Voivodeship,,2020-04-11,-78,-58,-48,-67,-47,17
PL,Poland,Lubusz Voivodeship,,2020-02-15,20,3,37,12,2,-1
PL,Poland,Lubusz Voivodeship,,2020-02-16,9,-9,-5,6,-3,1
PL,Poland,Lubusz Voivodeship,,2020-02-17,9,6,10,17,24,-2
PL,Poland,Lubusz Voivodeship,,2020-02-18,5,1,8,2,2,1
PL,Poland,Lubusz Voivodeship,,2020-02-19,5,3,2,4,2,1
PL,Poland,Lubusz Voivodeship,,2020-02-20,10,4,30,10,3,0
PL,Poland,Lubusz Voivodeship,,2020-02-21,4,1,3,2,3,1
PL,Poland,Lubusz Voivodeship,,2020-02-22,11,1,26,5,3,0
PL,Poland,Lubusz Voivodeship,,2020-02-23,-12,-22,-39,0,-5,2
PL,Poland,Lubusz Voivodeship,,2020-02-24,3,4,3,13,24,-2
PL,Poland,Lubusz Voivodeship,,2020-02-25,2,1,15,2,2,1
PL,Poland,Lubusz Voivodeship,,2020-02-26,-1,0,3,1,2,1
PL,Poland,Lubusz Voivodeship,,2020-02-27,5,3,17,5,1,1
PL,Poland,Lubusz Voivodeship,,2020-02-28,5,6,7,6,3,0
PL,Poland,Lubusz Voivodeship,,2020-02-29,11,4,7,1,4,1
PL,Poland,Lubusz Voivodeship,,2020-03-01,5,1,25,9,2,1
PL,Poland,Lubusz Voivodeship,,2020-03-02,5,7,5,16,26,-2
PL,Poland,Lubusz Voivodeship,,2020-03-03,-1,-1,-7,-3,3,2
PL,Poland,Lubusz Voivodeship,,2020-03-04,5,13,23,3,3,0
PL,Poland,Lubusz Voivodeship,,2020-03-05,5,6,37,3,2,1
PL,Poland,Lubusz Voivodeship,,2020-03-06,2,3,6,1,2,1
PL,Poland,Lubusz Voivodeship,,2020-03-07,8,6,-1,-7,2,1
PL,Poland,Lubusz Voivodeship,,2020-03-08,29,17,87,15,7,-1
PL,Poland,Lubusz Voivodeship,,2020-03-09,1,3,-1,9,24,-1
PL,Poland,Lubusz Voivodeship,,2020-03-10,4,6,10,-3,2,2
PL,Poland,Lubusz Voivodeship,,2020-03-11,7,21,33,4,1,0
PL,Poland,Lubusz Voivodeship,,2020-03-12,-9,18,4,-20,-14,6
PL,Poland,Lubusz Voivodeship,,2020-03-13,-19,10,-18,-32,-16,9
PL,Poland,Lubusz Voivodeship,,2020-03-14,-33,-7,26,-25,-9,7
PL,Poland,Lubusz Voivodeship,,2020-03-15,-59,-39,25,-38,-21,8
PL,Poland,Lubusz Voivodeship,,2020-03-16,-38,-15,15,-33,-15,10
PL,Poland,Lubusz Voivodeship,,2020-03-17,-44,-23,28,-44,-33,14
PL,Poland,Lubusz Voivodeship,,2020-03-18,-40,-19,54,-41,-35,13
PL,Poland,Lubusz Voivodeship,,2020-03-19,-41,-20,23,-43,-36,15
PL,Poland,Lubusz Voivodeship,,2020-03-20,-48,-22,-21,-54,-35,18
PL,Poland,Lubusz Voivodeship,,2020-03-21,-56,-32,-8,-52,-23,12
PL,Poland,Lubusz Voivodeship,,2020-03-22,-68,-51,-5,-59,-29,10
PL,Poland,Lubusz Voivodeship,,2020-03-23,-44,-22,-17,-48,-23,14
PL,Poland,Lubusz Voivodeship,,2020-03-24,-44,-20,-11,-52,-38,17
PL,Poland,Lubusz Voivodeship,,2020-03-25,-52,-27,-23,-52,-40,18
PL,Poland,Lubusz Voivodeship,,2020-03-26,-51,-28,-15,-54,-41,18
PL,Poland,Lubusz Voivodeship,,2020-03-27,-51,-27,-9,-59,-41,20
PL,Poland,Lubusz Voivodeship,,2020-03-28,-57,-35,18,-55,-27,11
PL,Poland,Lubusz Voivodeship,,2020-03-29,-77,-65,-55,-72,-37,12
PL,Poland,Lubusz Voivodeship,,2020-03-30,-48,-28,-30,-54,-29,16
PL,Poland,Lubusz Voivodeship,,2020-03-31,-47,-23,-27,-57,-42,19
PL,Poland,Lubusz Voivodeship,,2020-04-01,-51,-35,-28,-55,-44,19
PL,Poland,Lubusz Voivodeship,,2020-04-02,-51,-33,-28,-58,-44,20
PL,Poland,Lubusz Voivodeship,,2020-04-03,-52,-33,-34,-62,-43,22
PL,Poland,Lubusz Voivodeship,,2020-04-04,-66,-44,-31,-62,-30,14
PL,Poland,Lubusz Voivodeship,,2020-04-05,-66,35,-36,-67,-24,10
PL,Poland,Lubusz Voivodeship,,2020-04-06,-46,-34,-18,-52,-31,16
PL,Poland,Lubusz Voivodeship,,2020-04-07,-44,-27,-13,-52,-44,18
PL,Poland,Lubusz Voivodeship,,2020-04-08,-41,-22,-7,-51,-43,16
PL,Poland,Lubusz Voivodeship,,2020-04-09,-36,-16,-7,-51,-45,17
PL,Poland,Lubusz Voivodeship,,2020-04-10,-41,-18,-19,-57,-50,22
PL,Poland,Lubusz Voivodeship,,2020-04-11,-70,-59,-29,-61,-44,16
PL,Poland,Masovian Voivodeship,,2020-02-15,-7,-9,-12,-7,-6,-3
PL,Poland,Masovian Voivodeship,,2020-02-16,1,-15,-5,2,-5,-3
PL,Poland,Masovian Voivodeship,,2020-02-17,3,-4,16,-6,-19,1
PL,Poland,Masovian Voivodeship,,2020-02-18,0,-7,2,-10,-18,3
PL,Poland,Masovian Voivodeship,,2020-02-19,4,-6,17,-9,-18,2
PL,Poland,Masovian Voivodeship,,2020-02-20,4,-5,14,-7,-18,2
PL,Poland,Masovian Voivodeship,,2020-02-21,-4,-9,-12,-13,-19,3
PL,Poland,Masovian Voivodeship,,2020-02-22,-4,-5,13,-2,-3,-3
PL,Poland,Masovian Voivodeship,,2020-02-23,-6,-22,-41,-1,-5,-1
PL,Poland,Masovian Voivodeship,,2020-02-24,2,0,-5,0,2,0
PL,Poland,Masovian Voivodeship,,2020-02-25,2,0,7,2,2,0
PL,Poland,Masovian Voivodeship,,2020-02-26,1,-2,12,1,2,0
PL,Poland,Masovian Voivodeship,,2020-02-27,5,3,6,1,2,0
PL,Poland,Masovian Voivodeship,,2020-02-28,3,3,10,0,2,0
PL,Poland,Masovian Voivodeship,,2020-02-29,4,2,25,2,4,-1
PL,Poland,Masovian Voivodeship,,2020-03-01,8,-3,25,11,0,-1
PL,Poland,Masovian Voivodeship,,2020-03-02,3,2,-10,0,3,0
PL,Poland,Masovian Voivodeship,,2020-03-03,4,0,10,-1,3,1
PL,Poland,Masovian Voivodeship,,2020-03-04,6,3,12,-1,3,0
PL,Poland,Masovian Voivodeship,,2020-03-05,8,4,30,2,3,0
PL,Poland,Masovian Voivodeship,,2020-03-06,4,1,3,-2,2,0
PL,Poland,Masovian Voivodeship,,2020-03-07,6,4,11,1,3,-1
PL,Poland,Masovian Voivodeship,,2020-03-08,17,-1,-1,10,1,-1
PL,Poland,Masovian Voivodeship,,2020-03-09,6,4,20,0,3,0
PL,Poland,Masovian Voivodeship,,2020-03-10,5,9,23,-3,2,1
PL,Poland,Masovian Voivodeship,,2020-03-11,5,35,11,-8,-1,1
PL,Poland,Masovian Voivodeship,,2020-03-12,-13,25,-11,-25,-20,8
PL,Poland,Masovian Voivodeship,,2020-03-13,-30,3,-24,-39,-28,14
PL,Poland,Masovian Voivodeship,,2020-03-14,-56,-22,-45,-46,-17,12
PL,Poland,Masovian Voivodeship,,2020-03-15,-70,-43,-29,-55,-28,11
PL,Poland,Masovian Voivodeship,,2020-03-16,-52,-23,-13,-58,-45,20
PL,Poland,Masovian Voivodeship,,2020-03-17,-55,-27,11,-60,-50,23
PL,Poland,Masovian Voivodeship,,2020-03-18,-54,-25,26,-60,-51,22
PL,Poland,Masovian Voivodeship,,2020-03-19,-56,-25,-14,-62,-52,23
PL,Poland,Masovian Voivodeship,,2020-03-20,-58,-24,-26,-64,-51,25
PL,Poland,Masovian Voivodeship,,2020-03-21,-65,-33,-42,-61,-30,14
PL,Poland,Masovian Voivodeship,,2020-03-22,-76,-53,-56,-67,-35,13
PL,Poland,Masovian Voivodeship,,2020-03-23,-54,-26,-34,-64,-53,23
PL,Poland,Masovian Voivodeship,,2020-03-24,-54,-22,-27,-65,-54,25
PL,Poland,Masovian Voivodeship,,2020-03-25,-60,-31,-38,-69,-56,26
PL,Poland,Masovian Voivodeship,,2020-03-26,-60,-31,-32,-68,-56,26
PL,Poland,Masovian Voivodeship,,2020-03-27,-59,-30,-26,-68,-55,27
PL,Poland,Masovian Voivodeship,,2020-03-28,-64,-36,-16,-59,-31,13
PL,Poland,Masovian Voivodeship,,2020-03-29,-77,-54,-60,-70,-35,13
PL,Poland,Masovian Voivodeship,,2020-03-30,-58,-34,-50,-70,-55,25
PL,Poland,Masovian Voivodeship,,2020-03-31,-56,-27,-44,-69,-55,26
PL,Poland,Masovian Voivodeship,,2020-04-01,-60,-40,-51,-70,-57,26
PL,Poland,Masovian Voivodeship,,2020-04-02,-61,-36,-54,-71,-57,27
PL,Poland,Masovian Voivodeship,,2020-04-03,-62,-35,-58,-70,-56,28
PL,Poland,Masovian Voivodeship,,2020-04-04,-72,-45,-63,-66,-34,16
PL,Poland,Masovian Voivodeship,,2020-04-05,-70,32,-68,-69,-28,13
PL,Poland,Masovian Voivodeship,,2020-04-06,-57,-39,-49,-69,-56,24
PL,Poland,Masovian Voivodeship,,2020-04-07,-56,-30,-43,-68,-57,25
PL,Poland,Masovian Voivodeship,,2020-04-08,-53,-27,-43,-68,-57,23
PL,Poland,Masovian Voivodeship,,2020-04-09,-50,-19,-46,-67,-58,23
PL,Poland,Masovian Voivodeship,,2020-04-10,-53,-17,-52,-67,-63,28
PL,Poland,Masovian Voivodeship,,2020-04-11,-76,-56,-64,-66,-50,18
PL,Poland,Opole Voivodeship,,2020-02-15,1,-4,26,12,-2,-2
PL,Poland,Opole Voivodeship,,2020-02-16,12,-18,12,15,-5,-1
PL,Poland,Opole Voivodeship,,2020-02-17,8,0,19,-3,-19,1
PL,Poland,Opole Voivodeship,,2020-02-18,3,-3,11,-7,-18,2
PL,Poland,Opole Voivodeship,,2020-02-19,5,0,6,-6,-19,2
PL,Poland,Opole Voivodeship,,2020-02-20,6,-1,31,-3,-18,1
PL,Poland,Opole Voivodeship,,2020-02-21,-3,-5,-16,-10,-20,3
PL,Poland,Opole Voivodeship,,2020-02-22,2,0,25,7,-2,-2
PL,Poland,Opole Voivodeship,,2020-02-23,-3,-30,-32,4,-7,1
PL,Poland,Opole Voivodeship,,2020-02-24,5,3,7,1,2,-1
PL,Poland,Opole Voivodeship,,2020-02-25,1,3,6,0,2,0
PL,Poland,Opole Voivodeship,,2020-02-26,-2,-2,10,1,3,0
PL,Poland,Opole Voivodeship,,2020-02-27,2,4,4,4,3,0
PL,Poland,Opole Voivodeship,,2020-02-28,2,4,-6,3,3,0
PL,Poland,Opole Voivodeship,,2020-02-29,4,3,-1,3,3,0
PL,Poland,Opole Voivodeship,,2020-03-01,11,-1,55,12,1,0
PL,Poland,Opole Voivodeship,,2020-03-02,7,6,6,2,3,0
PL,Poland,Opole Voivodeship,,2020-03-03,0,1,3,0,3,1
PL,Poland,Opole Voivodeship,,2020-03-04,7,7,18,2,3,0
PL,Poland,Opole Voivodeship,,2020-03-05,5,5,32,3,3,0
PL,Poland,Opole Voivodeship,,2020-03-06,5,4,5,2,2,0
PL,Poland,Opole Voivodeship,,2020-03-07,6,9,8,1,3,0
PL,Poland,Opole Voivodeship,,2020-03-08,42,10,74,17,4,-1
PL,Poland,Opole Voivodeship,,2020-03-09,8,4,23,2,3,-1
PL,Poland,Opole Voivodeship,,2020-03-10,8,11,25,0,3,0
PL,Poland,Opole Voivodeship,,2020-03-11,8,29,21,-2,0,0
PL,Poland,Opole Voivodeship,,2020-03-12,-12,23,-1,-18,-16,5
PL,Poland,Opole Voivodeship,,2020-03-13,-25,11,-16,-28,-20,9
PL,Poland,Opole Voivodeship,,2020-03-14,-48,-14,-5,-24,-14,9
PL,Poland,Opole Voivodeship,,2020-03-15,-69,-41,2,-42,-28,9
PL,Poland,Opole Voivodeship,,2020-03-16,-45,-22,-14,-47,-34,14
PL,Poland,Opole Voivodeship,,2020-03-17,-49,-26,19,-47,-37,15
PL,Poland,Opole Voivodeship,,2020-03-18,-46,-21,28,-47,-38,14
PL,Poland,Opole Voivodeship,,2020-03-19,-47,-22,19,-45,-38,15
PL,Poland,Opole Voivodeship,,2020-03-20,-52,-23,-19,-54,-37,17
PL,Poland,Opole Voivodeship,,2020-03-21,-63,-30,-40,-59,-26,13
PL,Poland,Opole Voivodeship,,2020-03-22,-76,-55,-45,-65,-35,11
PL,Poland,Opole Voivodeship,,2020-03-23,-46,-24,-29,-55,-38,16
PL,Poland,Opole Voivodeship,,2020-03-24,-48,-18,-22,-55,-40,17
PL,Poland,Opole Voivodeship,,2020-03-25,-54,-26,-32,-57,-41,18
PL,Poland,Opole Voivodeship,,2020-03-26,-55,-28,-23,-56,-42,18
PL,Poland,Opole Voivodeship,,2020-03-27,-54,-26,-15,-58,-41,19
PL,Poland,Opole Voivodeship,,2020-03-28,-61,-31,18,-53,-27,11
PL,Poland,Opole Voivodeship,,2020-03-29,-79,-62,-55,-72,-37,12
PL,Poland,Opole Voivodeship,,2020-03-30,-50,-29,-35,-60,-41,17
PL,Poland,Opole Voivodeship,,2020-03-31,-52,-22,-42,-60,-42,18
PL,Poland,Opole Voivodeship,,2020-04-01,-54,-33,-37,-58,-43,18
PL,Poland,Opole Voivodeship,,2020-04-02,-54,-31,-27,-58,-43,18
PL,Poland,Opole Voivodeship,,2020-04-03,-57,-31,-43,-62,-42,20
PL,Poland,Opole Voivodeship,,2020-04-04,-70,-42,-31,-59,-29,13
PL,Poland,Opole Voivodeship,,2020-04-05,-69,84,-43,-68,-27,11
PL,Poland,Opole Voivodeship,,2020-04-06,-48,-32,-25,-57,-43,16
PL,Poland,Opole Voivodeship,,2020-04-07,-48,-24,-21,-56,-43,17
PL,Poland,Opole Voivodeship,,2020-04-08,-44,-19,-18,-55,-43,16
PL,Poland,Opole Voivodeship,,2020-04-09,-42,-14,-17,-53,-45,17
PL,Poland,Opole Voivodeship,,2020-04-10,-47,-16,-33,-63,-55,23
PL,Poland,Opole Voivodeship,,2020-04-11,-75,-59,-36,-66,-47,16
PL,Poland,Podkarpackie Voivodeship,,2020-02-15,4,-1,8,1,3,0
PL,Poland,Podkarpackie Voivodeship,,2020-02-16,9,-5,15,6,-3,2
PL,Poland,Podkarpackie Voivodeship,,2020-02-17,3,2,9,19,25,-2
PL,Poland,Podkarpackie Voivodeship,,2020-02-18,-2,3,5,7,2,0
PL,Poland,Podkarpackie Voivodeship,,2020-02-19,3,4,21,4,1,0
PL,Poland,Podkarpackie Voivodeship,,2020-02-20,3,3,6,9,3,0
PL,Poland,Podkarpackie Voivodeship,,2020-02-21,-1,-2,-11,1,27,0
PL,Poland,Podkarpackie Voivodeship,,2020-02-22,0,0,17,4,4,0
PL,Poland,Podkarpackie Voivodeship,,2020-02-23,-9,-21,-31,3,-4,3
PL,Poland,Podkarpackie Voivodeship,,2020-02-24,-5,1,-13,11,26,-1
PL,Poland,Podkarpackie Voivodeship,,2020-02-25,-6,5,-5,5,2,0
PL,Poland,Podkarpackie Voivodeship,,2020-02-26,-9,-5,-1,1,2,1
PL,Poland,Podkarpackie Voivodeship,,2020-02-27,1,5,3,8,4,0
PL,Poland,Podkarpackie Voivodeship,,2020-02-28,-1,3,-4,6,29,-1
PL,Poland,Podkarpackie Voivodeship,,2020-02-29,-1,3,-4,2,3,1
PL,Poland,Podkarpackie Voivodeship,,2020-03-01,-4,-10,-13,4,1,3
PL,Poland,Podkarpackie Voivodeship,,2020-03-02,0,6,-13,16,27,-1
PL,Poland,Podkarpackie Voivodeship,,2020-03-03,-3,5,9,6,4,-1
PL,Poland,Podkarpackie Voivodeship,,2020-03-04,-3,3,-20,-5,1,1
PL,Poland,Podkarpackie Voivodeship,,2020-03-05,4,7,15,8,6,-1
PL,Poland,Podkarpackie Voivodeship,,2020-03-06,2,5,6,6,30,-1
PL,Poland,Podkarpackie Voivodeship,,2020-03-07,6,12,10,5,6,0
PL,Poland,Podkarpackie Voivodeship,,2020-03-08,22,7,4,12,4,2
PL,Poland,Podkarpackie Voivodeship,,2020-03-09,4,7,7,17,28,-2
PL,Poland,Podkarpackie Voivodeship,,2020-03-10,1,12,19,8,4,-1
PL,Poland,Podkarpackie Voivodeship,,2020-03-11,1,36,-1,3,0,0
PL,Poland,Podkarpackie Voivodeship,,2020-03-12,-18,15,2,-17,-19,6
PL,Poland,Podkarpackie Voivodeship,,2020-03-13,-34,-1,-26,-37,-5,10
PL,Poland,Podkarpackie Voivodeship,,2020-03-14,-57,-21,-41,-38,-16,11
PL,Poland,Podkarpackie Voivodeship,,2020-03-15,-70,-43,-5,-51,-30,12
PL,Poland,Podkarpackie Voivodeship,,2020-03-16,-53,-23,-30,-49,-23,14
PL,Poland,Podkarpackie Voivodeship,,2020-03-17,-59,-27,-16,-57,-41,15
PL,Poland,Podkarpackie Voivodeship,,2020-03-18,-55,-27,0,-57,-43,16
PL,Poland,Podkarpackie Voivodeship,,2020-03-19,-54,-24,11,-56,-42,16
PL,Poland,Podkarpackie Voivodeship,,2020-03-20,-58,-27,-27,-57,-28,18
PL,Poland,Podkarpackie Voivodeship,,2020-03-21,-67,-32,-53,-60,-29,14
PL,Poland,Podkarpackie Voivodeship,,2020-03-22,-75,-57,-44,-73,-36,14
PL,Poland,Podkarpackie Voivodeship,,2020-03-23,-58,-28,-48,-62,-31,17
PL,Poland,Podkarpackie Voivodeship,,2020-03-24,-58,-22,-43,-63,-45,18
PL,Poland,Podkarpackie Voivodeship,,2020-03-25,-62,-34,-47,-64,-48,21
PL,Poland,Podkarpackie Voivodeship,,2020-03-26,-62,-34,-38,-63,-47,20
PL,Poland,Podkarpackie Voivodeship,,2020-03-27,-61,-32,-33,-65,-33,20
PL,Poland,Podkarpackie Voivodeship,,2020-03-28,-66,-35,-22,-63,-31,13
PL,Poland,Podkarpackie Voivodeship,,2020-03-29,-71,-46,-11,-71,-36,13
PL,Poland,Podkarpackie Voivodeship,,2020-03-30,-60,-34,-52,-66,-35,18
PL,Poland,Podkarpackie Voivodeship,,2020-03-31,-59,-26,-45,-65,-47,19
PL,Poland,Podkarpackie Voivodeship,,2020-04-01,-61,-39,-42,-66,-49,20
PL,Poland,Podkarpackie Voivodeship,,2020-04-02,-60,-36,-38,-64,-48,20
PL,Poland,Podkarpackie Voivodeship,,2020-04-03,-61,-35,-45,-66,-35,21
PL,Poland,Podkarpackie Voivodeship,,2020-04-04,-72,-42,-48,-64,-33,14
PL,Poland,Podkarpackie Voivodeship,,2020-04-05,-71,37,-48,-72,-32,13
PL,Poland,Podkarpackie Voivodeship,,2020-04-06,-56,-36,-39,-60,-37,17
PL,Poland,Podkarpackie Voivodeship,,2020-04-07,-57,-27,-33,-61,-49,18
PL,Poland,Podkarpackie Voivodeship,,2020-04-08,-53,-25,-31,-63,-50,18
PL,Poland,Podkarpackie Voivodeship,,2020-04-09,-51,-18,-30,-59,-53,19
PL,Poland,Podkarpackie Voivodeship,,2020-04-10,-58,-22,-46,-67,-55,25
PL,Poland,Podkarpackie Voivodeship,,2020-04-11,-80,-60,-53,-70,-51,18
PL,Poland,Podlaskie Voivodeship,,2020-02-15,8,2,17,5,3,0
PL,Poland,Podlaskie Voivodeship,,2020-02-16,13,-8,8,7,-2,0
PL,Poland,Podlaskie Voivodeship,,2020-02-17,5,6,9,14,24,-1
PL,Poland,Podlaskie Voivodeship,,2020-02-18,4,2,9,11,24,0
PL,Poland,Podlaskie Voivodeship,,2020-02-19,4,3,13,4,13,0
PL,Poland,Podlaskie Voivodeship,,2020-02-20,5,3,8,7,2,0
PL,Poland,Podlaskie Voivodeship,,2020-02-21,1,2,8,12,26,-1
PL,Poland,Podlaskie Voivodeship,,2020-02-22,3,2,18,8,5,0
PL,Poland,Podlaskie Voivodeship,,2020-02-23,3,-12,-5,8,-1,0
PL,Poland,Podlaskie Voivodeship,,2020-02-24,2,6,2,11,25,-2
PL,Poland,Podlaskie Voivodeship,,2020-02-25,2,5,-2,10,25,0
PL,Poland,Podlaskie Voivodeship,,2020-02-26,-5,-3,10,4,13,0
PL,Poland,Podlaskie Voivodeship,,2020-02-27,1,3,-5,2,3,0
PL,Poland,Podlaskie Voivodeship,,2020-02-28,4,8,13,16,28,-1
PL,Poland,Podlaskie Voivodeship,,2020-02-29,2,6,36,4,7,1
PL,Poland,Podlaskie Voivodeship,,2020-03-01,2,-1,75,8,1,0
PL,Poland,Podlaskie Voivodeship,,2020-03-02,3,8,3,13,28,-2
PL,Poland,Podlaskie Voivodeship,,2020-03-03,5,6,22,13,27,-1
PL,Poland,Podlaskie Voivodeship,,2020-03-04,2,6,6,2,15,0
PL,Poland,Podlaskie Voivodeship,,2020-03-05,4,5,17,4,5,-1
PL,Poland,Podlaskie Voivodeship,,2020-03-06,0,6,16,15,30,-2
PL,Poland,Podlaskie Voivodeship,,2020-03-07,11,10,35,7,8,0
PL,Poland,Podlaskie Voivodeship,,2020-03-08,17,1,15,9,4,0
PL,Poland,Podlaskie Voivodeship,,2020-03-09,5,6,12,12,28,-2
PL,Poland,Podlaskie Voivodeship,,2020-03-10,6,11,21,11,27,-1
PL,Poland,Podlaskie Voivodeship,,2020-03-11,5,33,8,2,14,-1
PL,Poland,Podlaskie Voivodeship,,2020-03-12,-14,18,-18,-19,-17,6
PL,Poland,Podlaskie Voivodeship,,2020-03-13,-28,7,-2,-20,-1,8
PL,Poland,Podlaskie Voivodeship,,2020-03-14,-52,-15,-23,-36,-10,9
PL,Poland,Podlaskie Voivodeship,,2020-03-15,-70,-38,0,-50,-26,9
PL,Poland,Podlaskie Voivodeship,,2020-03-16,-48,-18,-9,-42,-18,11
PL,Poland,Podlaskie Voivodeship,,2020-03-17,-52,-25,3,-45,-22,14
PL,Poland,Podlaskie Voivodeship,,2020-03-18,-51,-25,23,-45,-31,14
PL,Poland,Podlaskie Voivodeship,,2020-03-19,-54,-26,-13,-51,-38,16
PL,Poland,Podlaskie Voivodeship,,2020-03-20,-55,-25,8,-46,-23,15
PL,Poland,Podlaskie Voivodeship,,2020-03-21,-64,-29,-13,-53,-22,12
PL,Poland,Podlaskie Voivodeship,,2020-03-22,-72,-47,-16,-59,-31,11
PL,Poland,Podlaskie Voivodeship,,2020-03-23,-50,-23,-13,-48,-25,14
PL,Poland,Podlaskie Voivodeship,,2020-03-24,-49,-19,2,-47,-26,15
PL,Poland,Podlaskie Voivodeship,,2020-03-25,-57,-30,-13,-53,-35,17
PL,Poland,Podlaskie Voivodeship,,2020-03-26,-57,-31,-14,-55,-41,17
PL,Poland,Podlaskie Voivodeship,,2020-03-27,-58,-28,0,-51,-26,17
PL,Poland,Podlaskie Voivodeship,,2020-03-28,-63,-31,45,-47,-22,10
PL,Poland,Podlaskie Voivodeship,,2020-03-29,-75,-47,-17,-60,-32,11
PL,Poland,Podlaskie Voivodeship,,2020-03-30,-52,-26,-29,-52,-28,15
PL,Poland,Podlaskie Voivodeship,,2020-03-31,-51,-22,-22,-52,-28,17
PL,Poland,Podlaskie Voivodeship,,2020-04-01,-59,-38,-40,-59,-36,18
PL,Poland,Podlaskie Voivodeship,,2020-04-02,-59,-35,-41,-60,-43,18
PL,Poland,Podlaskie Voivodeship,,2020-04-03,-61,-34,-35,-56,-29,19
PL,Poland,Podlaskie Voivodeship,,2020-04-04,-73,-43,-35,-57,-27,14
PL,Poland,Podlaskie Voivodeship,,2020-04-05,-72,45,-38,-64,-25,11
PL,Poland,Podlaskie Voivodeship,,2020-04-06,-54,-34,-25,-52,-30,15
PL,Poland,Podlaskie Voivodeship,,2020-04-07,-53,-28,-16,-52,-31,16
PL,Poland,Podlaskie Voivodeship,,2020-04-08,-51,-25,-13,-52,-37,15
PL,Poland,Podlaskie Voivodeship,,2020-04-09,-50,-20,-25,-54,-46,17
PL,Poland,Podlaskie Voivodeship,,2020-04-10,-53,-14,-27,-50,-38,19
PL,Poland,Podlaskie Voivodeship,,2020-04-11,-77,-53,-36,-58,-44,16
PL,Poland,Pomeranian Voivodeship,,2020-02-15,13,-1,21,8,2,0
PL,Poland,Pomeranian Voivodeship,,2020-02-16,2,-18,10,6,-2,1
PL,Poland,Pomeranian Voivodeship,,2020-02-17,8,3,11,13,23,-1
PL,Poland,Pomeranian Voivodeship,,2020-02-18,8,0,2,3,2,0
PL,Poland,Pomeranian Voivodeship,,2020-02-19,7,1,-5,3,2,0
PL,Poland,Pomeranian Voivodeship,,2020-02-20,11,1,30,9,3,-1
PL,Poland,Pomeranian Voivodeship,,2020-02-21,7,-1,19,13,23,-1
PL,Poland,Pomeranian Voivodeship,,2020-02-22,6,-3,-4,5,5,1
PL,Poland,Pomeranian Voivodeship,,2020-02-23,-9,-19,-4,6,-1,1
PL,Poland,Pomeranian Voivodeship,,2020-02-24,3,2,-6,12,24,-1
PL,Poland,Pomeranian Voivodeship,,2020-02-25,6,3,10,5,3,0
PL,Poland,Pomeranian Voivodeship,,2020-02-26,-1,-3,-10,2,2,0
PL,Poland,Pomeranian Voivodeship,,2020-02-27,5,2,1,5,2,0
PL,Poland,Pomeranian Voivodeship,,2020-02-28,6,4,7,14,25,-1
PL,Poland,Pomeranian Voivodeship,,2020-02-29,6,1,-10,4,7,1
PL,Poland,Pomeranian Voivodeship,,2020-03-01,5,-4,53,13,3,0
PL,Poland,Pomeranian Voivodeship,,2020-03-02,5,5,-11,11,24,-1
PL,Poland,Pomeranian Voivodeship,,2020-03-03,3,0,-14,-1,3,0
PL,Poland,Pomeranian Voivodeship,,2020-03-04,8,4,-2,5,3,0
PL,Poland,Pomeranian Voivodeship,,2020-03-05,7,4,19,5,3,0
PL,Poland,Pomeranian Voivodeship,,2020-03-06,7,2,0,12,25,-1
PL,Poland,Pomeranian Voivodeship,,2020-03-07,9,5,-11,3,5,1
PL,Poland,Pomeranian Voivodeship,,2020-03-08,28,11,85,22,6,-2
PL,Poland,Pomeranian Voivodeship,,2020-03-09,4,3,-7,9,24,-1
PL,Poland,Pomeranian Voivodeship,,2020-03-10,10,10,21,2,3,0
PL,Poland,Pomeranian Voivodeship,,2020-03-11,3,30,-17,-4,1,0
PL,Poland,Pomeranian Voivodeship,,2020-03-12,-12,19,-26,-23,-16,6
PL,Poland,Pomeranian Voivodeship,,2020-03-13,-22,9,-21,-27,-4,8
PL,Poland,Pomeranian Voivodeship,,2020-03-14,-49,-15,-23,-37,-12,10
PL,Poland,Pomeranian Voivodeship,,2020-03-15,-71,-40,-13,-53,-26,10
PL,Poland,Pomeranian Voivodeship,,2020-03-16,-50,-21,-25,-50,-24,15
PL,Poland,Pomeranian Voivodeship,,2020-03-17,-51,-25,27,-55,-41,17
PL,Poland,Pomeranian Voivodeship,,2020-03-18,-52,-25,14,-56,-43,17
PL,Poland,Pomeranian Voivodeship,,2020-03-19,-53,-24,13,-56,-44,18
PL,Poland,Pomeranian Voivodeship,,2020-03-20,-56,-24,-11,-56,-31,19
PL,Poland,Pomeranian Voivodeship,,2020-03-21,-64,-32,-32,-60,-26,14
PL,Poland,Pomeranian Voivodeship,,2020-03-22,-75,-49,-32,-66,-33,12
PL,Poland,Pomeranian Voivodeship,,2020-03-23,-52,-24,-23,-57,-32,17
PL,Poland,Pomeranian Voivodeship,,2020-03-24,-50,-20,0,-59,-45,18
PL,Poland,Pomeranian Voivodeship,,2020-03-25,-58,-29,-33,-63,-46,20
PL,Poland,Pomeranian Voivodeship,,2020-03-26,-58,-31,-23,-64,-47,20
PL,Poland,Pomeranian Voivodeship,,2020-03-27,-57,-28,-17,-61,-34,20
PL,Poland,Pomeranian Voivodeship,,2020-03-28,-62,-33,-2,-57,-27,12
PL,Poland,Pomeranian Voivodeship,,2020-03-29,-82,-64,-78,-78,-38,14
PL,Poland,Pomeranian Voivodeship,,2020-03-30,-56,-30,-47,-62,-35,19
PL,Poland,Pomeranian Voivodeship,,2020-03-31,-53,-24,-42,-65,-47,20
PL,Poland,Pomeranian Voivodeship,,2020-04-01,-59,-39,-58,-67,-48,21
PL,Poland,Pomeranian Voivodeship,,2020-04-02,-58,-36,-50,-67,-48,21
PL,Poland,Pomeranian Voivodeship,,2020-04-03,-59,-35,-54,-66,-36,22
PL,Poland,Pomeranian Voivodeship,,2020-04-04,-71,-44,-61,-66,-31,16
PL,Poland,Pomeranian Voivodeship,,2020-04-05,-73,53,-62,-70,-26,12
PL,Poland,Pomeranian Voivodeship,,2020-04-06,-54,-37,-44,-61,-37,18
PL,Poland,Pomeranian Voivodeship,,2020-04-07,-51,-28,-31,-62,-48,19
PL,Poland,Pomeranian Voivodeship,,2020-04-08,-50,-26,-41,-63,-48,18
PL,Poland,Pomeranian Voivodeship,,2020-04-09,-48,-21,-40,-62,-49,19
PL,Poland,Pomeranian Voivodeship,,2020-04-10,-47,-15,-42,-60,-43,21
PL,Poland,Pomeranian Voivodeship,,2020-04-11,-71,-54,-61,-66,-46,17
PL,Poland,Silesian Voivodeship,,2020-02-15,13,1,45,13,3,0
PL,Poland,Silesian Voivodeship,,2020-02-16,21,-7,45,14,-1,1
PL,Poland,Silesian Voivodeship,,2020-02-17,9,4,20,11,21,-1
PL,Poland,Silesian Voivodeship,,2020-02-18,3,3,10,7,2,0
PL,Poland,Silesian Voivodeship,,2020-02-19,5,2,11,4,1,0
PL,Poland,Silesian Voivodeship,,2020-02-20,7,1,21,5,2,-1
PL,Poland,Silesian Voivodeship,,2020-02-21,0,-2,-8,1,21,0
PL,Poland,Silesian Voivodeship,,2020-02-22,5,-1,17,5,4,1
PL,Poland,Silesian Voivodeship,,2020-02-23,-10,-30,-40,-6,-3,3
PL,Poland,Silesian Voivodeship,,2020-02-24,2,2,-5,5,22,0
PL,Poland,Silesian Voivodeship,,2020-02-25,-1,3,-12,5,2,0
PL,Poland,Silesian Voivodeship,,2020-02-26,-4,-1,0,1,2,0
PL,Poland,Silesian Voivodeship,,2020-02-27,1,2,3,3,3,0
PL,Poland,Silesian Voivodeship,,2020-02-28,1,3,-7,6,23,0
PL,Poland,Silesian Voivodeship,,2020-02-29,5,1,3,2,5,2
PL,Poland,Silesian Voivodeship,,2020-03-01,9,-8,33,8,1,2
PL,Poland,Silesian Voivodeship,,2020-03-02,4,4,-8,6,23,0
PL,Poland,Silesian Voivodeship,,2020-03-03,-1,2,-7,4,3,0
PL,Poland,Silesian Voivodeship,,2020-03-04,4,6,3,4,3,0
PL,Poland,Silesian Voivodeship,,2020-03-05,4,5,31,6,4,-1
PL,Poland,Silesian Voivodeship,,2020-03-06,4,3,-2,7,24,-1
PL,Poland,Silesian Voivodeship,,2020-03-07,8,7,1,2,5,1
PL,Poland,Silesian Voivodeship,,2020-03-08,24,0,22,11,5,1
PL,Poland,Silesian Voivodeship,,2020-03-09,6,5,8,8,23,-1
PL,Poland,Silesian Voivodeship,,2020-03-10,6,13,18,8,3,-1
PL,Poland,Silesian Voivodeship,,2020-03-11,2,30,1,0,0,0
PL,Poland,Silesian Voivodeship,,2020-03-12,-12,23,1,-17,-13,5
PL,Poland,Silesian Voivodeship,,2020-03-13,-25,11,-24,-26,-2,8
PL,Poland,Silesian Voivodeship,,2020-03-14,-51,-17,-29,-33,-11,11
PL,Poland,Silesian Voivodeship,,2020-03-15,-68,-42,1,-44,-24,10
PL,Poland,Silesian Voivodeship,,2020-03-16,-49,-22,-20,-44,-21,14
PL,Poland,Silesian Voivodeship,,2020-03-17,-51,-25,19,-45,-37,16
PL,Poland,Silesian Voivodeship,,2020-03-18,-49,-23,39,-44,-39,16
PL,Poland,Silesian Voivodeship,,2020-03-19,-49,-23,33,-46,-39,16
PL,Poland,Silesian Voivodeship,,2020-03-20,-54,-21,-15,-49,-27,18
PL,Poland,Silesian Voivodeship,,2020-03-21,-65,-33,-54,-57,-28,15
PL,Poland,Silesian Voivodeship,,2020-03-22,-77,-58,-56,-63,-34,13
PL,Poland,Silesian Voivodeship,,2020-03-23,-52,-25,-41,-53,-30,18
PL,Poland,Silesian Voivodeship,,2020-03-24,-51,-18,-35,-52,-43,19
PL,Poland,Silesian Voivodeship,,2020-03-25,-58,-29,-45,-57,-45,20
PL,Poland,Silesian Voivodeship,,2020-03-26,-57,-29,-29,-56,-45,20
PL,Poland,Silesian Voivodeship,,2020-03-27,-57,-26,-18,-54,-33,20
PL,Poland,Silesian Voivodeship,,2020-03-28,-62,-33,5,-49,-28,14
PL,Poland,Silesian Voivodeship,,2020-03-29,-77,-58,-50,-65,-35,13
PL,Poland,Silesian Voivodeship,,2020-03-30,-55,-31,-49,-57,-34,19
PL,Poland,Silesian Voivodeship,,2020-03-31,-53,-22,-46,-56,-45,20
PL,Poland,Silesian Voivodeship,,2020-04-01,-57,-36,-45,-57,-46,20
PL,Poland,Silesian Voivodeship,,2020-04-02,-56,-33,-38,-56,-46,20
PL,Poland,Silesian Voivodeship,,2020-04-03,-58,-32,-50,-57,-35,21
PL,Poland,Silesian Voivodeship,,2020-04-04,-70,-44,-50,-56,-32,16
PL,Poland,Silesian Voivodeship,,2020-04-05,-72,65,-57,-64,-28,13
PL,Poland,Silesian Voivodeship,,2020-04-06,-52,-36,-38,-53,-36,18
PL,Poland,Silesian Voivodeship,,2020-04-07,-51,-26,-33,-51,-47,19
PL,Poland,Silesian Voivodeship,,2020-04-08,-48,-23,-30,-51,-47,18
PL,Poland,Silesian Voivodeship,,2020-04-09,-44,-17,-24,-49,-48,18
PL,Poland,Silesian Voivodeship,,2020-04-10,-48,-16,-40,-52,-48,22
PL,Poland,Silesian Voivodeship,,2020-04-11,-75,-58,-49,-57,-48,18
PL,Poland,Swietokrzyskie,,2020-02-15,13,4,14,14,0,0
PL,Poland,Swietokrzyskie,,2020-02-16,14,9,37,18,-2,1
PL,Poland,Swietokrzyskie,,2020-02-17,11,8,17,25,30,-3
PL,Poland,Swietokrzyskie,,2020-02-18,8,3,-1,15,3,1
PL,Poland,Swietokrzyskie,,2020-02-19,10,9,26,15,3,0
PL,Poland,Swietokrzyskie,,2020-02-20,7,4,9,15,2,0
PL,Poland,Swietokrzyskie,,2020-02-21,1,0,-13,11,4,1
PL,Poland,Swietokrzyskie,,2020-02-22,6,3,16,13,1,0
PL,Poland,Swietokrzyskie,,2020-02-23,-13,-12,-28,11,-5,2
PL,Poland,Swietokrzyskie,,2020-02-24,0,3,-9,13,28,-2
PL,Poland,Swietokrzyskie,,2020-02-25,0,4,-6,8,3,1
PL,Poland,Swietokrzyskie,,2020-02-26,-2,2,11,12,3,0
PL,Poland,Swietokrzyskie,,2020-02-27,2,4,0,13,2,1
PL,Poland,Swietokrzyskie,,2020-02-28,-1,5,-6,14,5,0
PL,Poland,Swietokrzyskie,,2020-02-29,3,5,8,5,1,1
PL,Poland,Swietokrzyskie,,2020-03-01,-3,8,16,10,1,1
PL,Poland,Swietokrzyskie,,2020-03-02,3,6,-12,12,29,-2
PL,Poland,Swietokrzyskie,,2020-03-03,3,3,0,11,4,1
PL,Poland,Swietokrzyskie,,2020-03-04,2,8,6,10,3,0
PL,Poland,Swietokrzyskie,,2020-03-05,4,7,13,14,3,0
PL,Poland,Swietokrzyskie,,2020-03-06,1,5,-4,13,4,0
PL,Poland,Swietokrzyskie,,2020-03-07,8,13,13,6,0,0
PL,Poland,Swietokrzyskie,,2020-03-08,9,19,10,5,1,1
PL,Poland,Swietokrzyskie,,2020-03-09,10,8,12,19,31,-3
PL,Poland,Swietokrzyskie,,2020-03-10,3,10,4,8,4,0
PL,Poland,Swietokrzyskie,,2020-03-11,6,39,14,15,2,-1
PL,Poland,Swietokrzyskie,,2020-03-12,-13,21,-8,-7,-18,6
PL,Poland,Swietokrzyskie,,2020-03-13,-30,4,-24,-28,-20,10
PL,Poland,Swietokrzyskie,,2020-03-14,-53,-14,-33,-33,-18,9
PL,Poland,Swietokrzyskie,,2020-03-15,-72,-34,-16,-52,-27,10
PL,Poland,Swietokrzyskie,,2020-03-16,-48,-18,-18,-37,-18,12
PL,Poland,Swietokrzyskie,,2020-03-17,-53,-26,-15,-43,-39,16
PL,Poland,Swietokrzyskie,,2020-03-18,-50,-22,9,-41,-40,15
PL,Poland,Swietokrzyskie,,2020-03-19,-52,-23,-3,-43,-41,16
PL,Poland,Swietokrzyskie,,2020-03-20,-57,-23,-36,-56,-39,19
PL,Poland,Swietokrzyskie,,2020-03-21,-64,-30,-41,-56,-30,14
PL,Poland,Swietokrzyskie,,2020-03-22,-76,-48,-43,-66,-35,12
PL,Poland,Swietokrzyskie,,2020-03-23,-52,-23,-34,-52,-27,15
PL,Poland,Swietokrzyskie,,2020-03-24,-52,-20,-35,-52,-43,19
PL,Poland,Swietokrzyskie,,2020-03-25,-58,-27,-38,-53,-45,19
PL,Poland,Swietokrzyskie,,2020-03-26,-59,-30,-35,-55,-45,20
PL,Poland,Swietokrzyskie,,2020-03-27,-59,-28,-34,-59,-43,21
PL,Poland,Swietokrzyskie,,2020-03-28,-64,-32,-12,-54,-30,12
PL,Poland,Swietokrzyskie,,2020-03-29,-74,-44,-26,-67,-34,12
PL,Poland,Swietokrzyskie,,2020-03-30,-54,-28,-39,-54,-31,16
PL,Poland,Swietokrzyskie,,2020-03-31,-54,-24,-45,-54,-45,20
PL,Poland,Swietokrzyskie,,2020-04-01,-58,-33,-36,-55,-46,19
PL,Poland,Swietokrzyskie,,2020-04-02,-58,-33,-37,-52,-46,20
PL,Poland,Swietokrzyskie,,2020-04-03,-60,-32,-49,-62,-45,22
PL,Poland,Swietokrzyskie,,2020-04-04,-72,-40,-49,-59,-33,14
PL,Poland,Swietokrzyskie,,2020-04-05,-73,50,-50,-71,-28,12
PL,Poland,Swietokrzyskie,,2020-04-06,-52,-31,-36,-50,-32,15
PL,Poland,Swietokrzyskie,,2020-04-07,-52,-26,-36,-52,-46,18
PL,Poland,Swietokrzyskie,,2020-04-08,-50,-19,-25,-46,-46,17
PL,Poland,Swietokrzyskie,,2020-04-09,-47,-14,-23,-48,-48,18
PL,Poland,Swietokrzyskie,,2020-04-10,-54,-16,-38,-60,-56,24
PL,Poland,Swietokrzyskie,,2020-04-11,-79,-58,-47,-63,-49,17
PL,Poland,Warmian-Masurian Voivodeship,,2020-02-15,9,0,27,10,5,0
PL,Poland,Warmian-Masurian Voivodeship,,2020-02-16,7,-16,-7,4,0,0
PL,Poland,Warmian-Masurian Voivodeship,,2020-02-17,6,2,14,13,24,-1
PL,Poland,Warmian-Masurian Voivodeship,,2020-02-18,2,-2,5,-1,2,0
PL,Poland,Warmian-Masurian Voivodeship,,2020-02-19,3,1,9,0,0,0
PL,Poland,Warmian-Masurian Voivodeship,,2020-02-20,7,1,8,3,1,-1
PL,Poland,Warmian-Masurian Voivodeship,,2020-02-21,4,-1,5,10,27,-2
PL,Poland,Warmian-Masurian Voivodeship,,2020-02-22,2,-1,12,2,4,0
PL,Poland,Warmian-Masurian Voivodeship,,2020-02-23,-5,-18,-20,5,-1,0
PL,Poland,Warmian-Masurian Voivodeship,,2020-02-24,3,1,1,11,25,-1
PL,Poland,Warmian-Masurian Voivodeship,,2020-02-25,1,1,0,0,3,0
PL,Poland,Warmian-Masurian Voivodeship,,2020-02-26,0,-3,8,-2,2,0
PL,Poland,Warmian-Masurian Voivodeship,,2020-02-27,5,2,-7,-2,1,0
PL,Poland,Warmian-Masurian Voivodeship,,2020-02-28,5,4,9,13,28,-2
PL,Poland,Warmian-Masurian Voivodeship,,2020-02-29,4,4,17,4,5,1
PL,Poland,Warmian-Masurian Voivodeship,,2020-03-01,4,-4,19,9,2,0
PL,Poland,Warmian-Masurian Voivodeship,,2020-03-02,2,3,-7,7,26,-1
PL,Poland,Warmian-Masurian Voivodeship,,2020-03-03,3,1,-2,-3,3,0
PL,Poland,Warmian-Masurian Voivodeship,,2020-03-04,5,4,4,0,1,0
PL,Poland,Warmian-Masurian Voivodeship,,2020-03-05,8,5,9,1,2,-1
PL,Poland,Warmian-Masurian Voivodeship,,2020-03-06,6,3,5,11,28,-2
PL,Poland,Warmian-Masurian Voivodeship,,2020-03-07,11,10,17,5,7,0
PL,Poland,Warmian-Masurian Voivodeship,,2020-03-08,24,2,13,9,5,-1
PL,Poland,Warmian-Masurian Voivodeship,,2020-03-09,7,2,19,12,26,-2
PL,Poland,Warmian-Masurian Voivodeship,,2020-03-10,7,8,17,1,3,-1
PL,Poland,Warmian-Masurian Voivodeship,,2020-03-11,5,25,0,-1,1,0
PL,Poland,Warmian-Masurian Voivodeship,,2020-03-12,-12,18,-27,-25,-18,6
PL,Poland,Warmian-Masurian Voivodeship,,2020-03-13,-24,4,-7,-27,1,7
PL,Poland,Warmian-Masurian Voivodeship,,2020-03-14,-50,-17,-26,-38,-12,9
PL,Poland,Warmian-Masurian Voivodeship,,2020-03-15,-67,-40,-20,-52,-25,8
PL,Poland,Warmian-Masurian Voivodeship,,2020-03-16,-45,-22,-12,-44,-17,11
PL,Poland,Warmian-Masurian Voivodeship,,2020-03-17,-49,-26,8,-48,-36,13
PL,Poland,Warmian-Masurian Voivodeship,,2020-03-18,-47,-26,24,-47,-37,14
PL,Poland,Warmian-Masurian Voivodeship,,2020-03-19,-50,-25,-14,-53,-38,15
PL,Poland,Warmian-Masurian Voivodeship,,2020-03-20,-50,-23,1,-50,-20,14
PL,Poland,Warmian-Masurian Voivodeship,,2020-03-21,-59,-28,-9,-50,-23,11
PL,Poland,Warmian-Masurian Voivodeship,,2020-03-22,-70,-47,-34,-63,-31,10
PL,Poland,Warmian-Masurian Voivodeship,,2020-03-23,-46,-24,-9,-52,-23,13
PL,Poland,Warmian-Masurian Voivodeship,,2020-03-24,-47,-20,0,-54,-38,14
PL,Poland,Warmian-Masurian Voivodeship,,2020-03-25,-53,-29,-11,-57,-40,16
PL,Poland,Warmian-Masurian Voivodeship,,2020-03-26,-52,-29,-18,-59,-41,16
PL,Poland,Warmian-Masurian Voivodeship,,2020-03-27,-52,-26,2,-55,-25,15
PL,Poland,Warmian-Masurian Voivodeship,,2020-03-28,-58,-30,40,-45,-23,10
PL,Poland,Warmian-Masurian Voivodeship,,2020-03-29,-77,-60,-63,-73,-35,11
PL,Poland,Warmian-Masurian Voivodeship,,2020-03-30,-51,-28,-27,-57,-28,15
PL,Poland,Warmian-Masurian Voivodeship,,2020-03-31,-50,-24,-33,-59,-41,17
PL,Poland,Warmian-Masurian Voivodeship,,2020-04-01,-55,-39,-42,-61,-44,18
PL,Poland,Warmian-Masurian Voivodeship,,2020-04-02,-55,-36,-40,-60,-45,18
PL,Poland,Warmian-Masurian Voivodeship,,2020-04-03,-56,-34,-39,-60,-29,18
PL,Poland,Warmian-Masurian Voivodeship,,2020-04-04,-68,-43,-35,-57,-29,13
PL,Poland,Warmian-Masurian Voivodeship,,2020-04-05,-66,51,-46,-64,-25,10
PL,Poland,Warmian-Masurian Voivodeship,,2020-04-06,-49,-36,-19,-53,-30,15
PL,Poland,Warmian-Masurian Voivodeship,,2020-04-07,-47,-27,-14,-54,-43,15
PL,Poland,Warmian-Masurian Voivodeship,,2020-04-08,-45,-25,-12,-53,-43,15
PL,Poland,Warmian-Masurian Voivodeship,,2020-04-09,-42,-19,-25,-55,-45,15
PL,Poland,Warmian-Masurian Voivodeship,,2020-04-10,-45,-15,-18,-52,-36,17
PL,Poland,Warmian-Masurian Voivodeship,,2020-04-11,-71,-53,-30,-57,-43,15
PL,Poland,West Pomeranian Voivodeship,,2020-02-15,4,-4,48,6,-4,-3
PL,Poland,West Pomeranian Voivodeship,,2020-02-16,0,-29,-15,1,-6,-1
PL,Poland,West Pomeranian Voivodeship,,2020-02-17,8,-2,28,-4,-19,1
PL,Poland,West Pomeranian Voivodeship,,2020-02-18,4,-5,15,-7,-18,3
PL,Poland,West Pomeranian Voivodeship,,2020-02-19,5,-6,7,-9,-18,3
PL,Poland,West Pomeranian Voivodeship,,2020-02-20,9,-4,36,-4,-18,2
PL,Poland,West Pomeranian Voivodeship,,2020-02-21,0,-5,17,-7,-18,3
PL,Poland,West Pomeranian Voivodeship,,2020-02-22,-3,-4,5,1,-1,-1
PL,Poland,West Pomeranian Voivodeship,,2020-02-23,-14,-34,-42,-1,-4,1
PL,Poland,West Pomeranian Voivodeship,,2020-02-24,2,1,0,1,3,0
PL,Poland,West Pomeranian Voivodeship,,2020-02-25,3,1,17,4,3,0
PL,Poland,West Pomeranian Voivodeship,,2020-02-26,0,-4,-4,0,3,0
PL,Poland,West Pomeranian Voivodeship,,2020-02-27,3,0,3,2,3,0
PL,Poland,West Pomeranian Voivodeship,,2020-02-28,2,3,0,2,3,0
PL,Poland,West Pomeranian Voivodeship,,2020-02-29,1,1,1,1,4,0
PL,Poland,West Pomeranian Voivodeship,,2020-03-01,3,-13,19,10,4,0
PL,Poland,West Pomeranian Voivodeship,,2020-03-02,4,2,-2,2,4,-1
PL,Poland,West Pomeranian Voivodeship,,2020-03-03,2,0,0,0,4,1
PL,Poland,West Pomeranian Voivodeship,,2020-03-04,5,2,7,3,4,0
PL,Poland,West Pomeranian Voivodeship,,2020-03-05,6,2,29,5,4,0
PL,Poland,West Pomeranian Voivodeship,,2020-03-06,1,1,-8,1,3,0
PL,Poland,West Pomeranian Voivodeship,,2020-03-07,4,5,-5,-2,3,0
PL,Poland,West Pomeranian Voivodeship,,2020-03-08,24,0,44,17,6,-1
PL,Poland,West Pomeranian Voivodeship,,2020-03-09,3,0,-2,3,3,0
PL,Poland,West Pomeranian Voivodeship,,2020-03-10,3,4,1,0,3,1
PL,Poland,West Pomeranian Voivodeship,,2020-03-11,7,20,19,6,2,0
PL,Poland,West Pomeranian Voivodeship,,2020-03-12,-12,16,-12,-18,-15,6
PL,Poland,West Pomeranian Voivodeship,,2020-03-13,-23,7,-25,-29,-18,9
PL,Poland,West Pomeranian Voivodeship,,2020-03-14,-42,-12,10,-22,-11,6
PL,Poland,West Pomeranian Voivodeship,,2020-03-15,-67,-43,-24,-41,-23,8
PL,Poland,West Pomeranian Voivodeship,,2020-03-16,-45,-21,-10,-40,-32,13
PL,Poland,West Pomeranian Voivodeship,,2020-03-17,-49,-26,12,-42,-36,15
PL,Poland,West Pomeranian Voivodeship,,2020-03-18,-48,-25,4,-43,-37,15
PL,Poland,West Pomeranian Voivodeship,,2020-03-19,-50,-26,-13,-48,-38,16
PL,Poland,West Pomeranian Voivodeship,,2020-03-20,-53,-24,-25,-51,-38,18
PL,Poland,West Pomeranian Voivodeship,,2020-03-21,-61,-31,-21,-47,-24,10
PL,Poland,West Pomeranian Voivodeship,,2020-03-22,-70,-48,-36,-52,-31,9
PL,Poland,West Pomeranian Voivodeship,,2020-03-23,-48,-25,-26,-48,-38,15
PL,Poland,West Pomeranian Voivodeship,,2020-03-24,-48,-20,-16,-48,-39,16
PL,Poland,West Pomeranian Voivodeship,,2020-03-25,-55,-30,-38,-53,-41,18
PL,Poland,West Pomeranian Voivodeship,,2020-03-26,-55,-30,-26,-53,-41,18
PL,Poland,West Pomeranian Voivodeship,,2020-03-27,-55,-28,-24,-54,-41,19
PL,Poland,West Pomeranian Voivodeship,,2020-03-28,-63,-34,-15,-50,-26,10
PL,Poland,West Pomeranian Voivodeship,,2020-03-29,-80,-66,-76,-69,-39,12
PL,Poland,West Pomeranian Voivodeship,,2020-03-30,-54,-31,-52,-58,-42,18
PL,Poland,West Pomeranian Voivodeship,,2020-03-31,-51,-24,-41,-54,-41,18
PL,Poland,West Pomeranian Voivodeship,,2020-04-01,-57,-39,-57,-58,-43,19
PL,Poland,West Pomeranian Voivodeship,,2020-04-02,-56,-36,-49,-57,-44,19
PL,Poland,West Pomeranian Voivodeship,,2020-04-03,-57,-36,-57,-58,-43,21
PL,Poland,West Pomeranian Voivodeship,,2020-04-04,-71,-46,-60,-56,-30,13
PL,Poland,West Pomeranian Voivodeship,,2020-04-05,-70,53,-69,-61,-25,10
PL,Poland,West Pomeranian Voivodeship,,2020-04-06,-51,-38,-46,-53,-42,17
PL,Poland,West Pomeranian Voivodeship,,2020-04-07,-50,-30,-44,-52,-43,17
PL,Poland,West Pomeranian Voivodeship,,2020-04-08,-48,-28,-44,-52,-42,16
PL,Poland,West Pomeranian Voivodeship,,2020-04-09,-44,-23,-46,-52,-44,17
PL,Poland,West Pomeranian Voivodeship,,2020-04-10,-47,-20,-52,-53,-49,21
PL,Poland,West Pomeranian Voivodeship,,2020-04-11,-73,-59,-62,-56,-44,15